{"cameraMode":{"drawMode":0,"name":"Shaded","section":"Shading Mode"},"sceneLighting":false,"audioPlay":false,"sceneViewState":{"m_AlwaysRefresh":false,"showFog":true,"showSkybox":false,"showFlares":true,"showImageEffects":true,"showParticleSystems":true,"showVisualEffectGraphs":true,"m_FxEnabled":true},"in2DMode":false,"pivot":{"x":-8.100000381469727,"y":4.710000038146973,"z":-28.389999389648439},"rotation":{"x":-0.026684122160077096,"y":0.9732277989387512,"z":-0.16837424039840699,"w":-0.15426531434059144},"size":2.8825807571411135,"orthographic":true}